ID,X,Y,A,B,theta,total_flux,mu_max,mu_median,mu_mean,R_fwhm,R_e,R10,R90
0,1023.9299747435101,742.6879596787629,590.3713464663041,429.23976477092395,-0.0062376850982835234,89739707.0,125.0,30.0,29.698515400322336,2.393653682408596,638.9994386220525,265.3443052804507,907.3936686547896
1,737.0164383561644,7.589041095890411,1.4828295380922059,1.251521352517149,1.3201691844030883,365.0,52.0,11.0,12.586206896551724,0.7978845608028654,1.4927053303604616,0.0,2.5231325220201604
2,1191.4100401606427,5.815261044176707,3.2880807102245897,2.5498087912519773,-0.9935972706893289,2490.0,101.0,14.0,19.606299212598426,1.692568750643269,2.876813695875796,0.7978845608028654,5.322553886092406
3,1465.2789855072465,9.21256038647343,4.1170302232071965,2.4809893548999096,-1.086842419365277,1656.0,41.0,15.0,15.192660550458715,2.5231325220201604,3.3377905890622728,1.1283791670955126,5.108953969950291
4,1396.5225375626044,18.27212020033389,1.8779987963901892,1.3996716416664492,1.505843661315295,599.0,43.0,13.0,13.930232558139535,1.692568750643269,1.7841241161527712,0.5641895835477563,2.9316150714175193
5,1248.09243697479,23.77310924369748,0.7086400587361491,0.6552876437235545,0.4698584706662367,119.0,30.0,12.0,13.222222222222221,1.1283791670955126,0.7978845608028654,0.0,1.381976597885342
6,198.53332774377463,10.46910371426176,5.281020081805275,4.881789509214152,-1.190796081815801,11927.0,241.0,20.0,27.93208430913349,1.7841241161527712,5.440847306724618,1.381976597885342,10.155412503859614
7,1361.578947368421,32.93984962406015,2.3509498654393886,1.4453801663042616,-1.4653243131896279,532.0,40.0,9.0,11.565217391304348,1.692568750643269,1.692568750643269,0.5641895835477563,3.0382538898732494
8,625.7965580823602,31.88383527965581,3.2979243566997574,2.4941181275980595,1.2809594930157995,1627.0,34.0,15.0,15.950980392156863,3.477898169151024,3.385137501286538,1.2615662610100802,5.077706251929807
9,1231.4086021505377,45.39267224213461,2.525764411098055,1.945771218283406,0.9994958899559307,2511.0,166.0,19.0,28.213483146067414,1.2615662610100802,2.1850968611841584,0.5641895835477563,4.442433223290478
10,990.0021495103892,49.20285009155322,2.4536081688594997,2.042546319719864,-1.5661235914406426,12561.0,1370.0,17.0,65.08290155440415,1.1283791670955126,1.4927053303604616,0.0,5.292567428401227
11,1583.0687898089172,38.96305732484076,4.765216358103362,1.5397053920029282,-1.4381395300096027,785.0,33.0,12.5,12.661290322580646,2.326213245840639,2.5854414729132054,0.7978845608028654,3.826519928662906
12,1307.1985058697971,56.311632870864464,3.38717005138126,2.1060349765988677,0.5182422986385538,1874.0,104.0,18.0,23.135802469135804,1.381976597885342,2.5231325220201604,0.5641895835477563,4.406461512053774
13,187.06457142857144,54.57142857142857,3.692935049740706,3.142353859706894,0.21703823360414914,3500.0,113.0,13.0,17.857142857142858,1.7841241161527712,3.6996385101659595,0.9772050238058398,6.723094811029982
14,1501.3824925294427,65.1726138161364,2.142248547427797,1.7740174023658568,1.1725815098720935,5689.0,578.0,18.0,49.469565217391306,1.2615662610100802,1.5957691216057308,0.0,4.51351666838205
15,740.4226918798665,63.90211345939933,1.4450616369071543,1.232426390419227,1.5096922323530877,899.0,95.0,17.0,24.97222222222222,1.2615662610100802,1.4927053303604616,0.0,2.7057581899030048
16,996.2527472527472,75.28571428571429,1.6509787700015166,0.9667554396177058,0.7650989320277876,273.0,27.0,14.0,13.65,1.8712051592547776,1.381976597885342,0.5641895835477563,2.111004122822376
17,1853.1157024793388,72.72727272727273,1.377317514256076,0.7206673765445538,-0.9942435298865098,121.0,24.0,6.0,7.5625,0.9772050238058398,0.7978845608028654,0.0,1.692568750643269
18,1826.2117117117118,115.86486486486487,1.7150177460959968,1.0179250056460423,-1.3571119314832512,222.0,28.0,8.5,10.090909090909092,1.381976597885342,1.2615662610100802,0.0,2.111004122822376
19,300.0935244525076,89.02288262684019,17.552431640416717,15.986168859014807,0.27110539081685037,178039.0,1195.0,23.0,34.39038052926405,2.0342144725641096,18.0540666735282,2.9316150714175193,35.499138572670006
20,1650.5394321766562,124.08832807570978,1.5167365083794955,1.1551949555178096,0.2744851736362873,317.0,31.0,12.0,13.208333333333334,1.5957691216057308,1.4927053303604616,0.5641895835477563,2.393653682408596
21,1006.0948581560284,128.87446808510637,2.4514355635233223,1.8221737775119622,1.5641924370342835,11280.0,1345.0,13.0,56.4,1.1283791670955126,1.4927053303604616,0.0,4.982787485166879
22,49.64786885245902,139.30524590163935,5.471905318503595,4.436225554819661,1.4248970597300539,3050.0,30.0,12.0,12.551440329218106,4.853342309955121,5.108953969950291,1.8712051592547776,7.776816725043752
23,1782.387323943662,133.08450704225353,1.0236738704479154,0.9637081229118714,0.7049446308414292,142.0,19.0,9.0,9.466666666666667,1.4927053303604616,1.1283791670955126,0.0,1.7841241161527712
24,685.2473498233215,158.07597173144876,2.115912427953177,1.323258841556971,0.4218370273165524,566.0,42.0,12.0,13.476190476190476,1.2615662610100802,1.8712051592547776,0.5641895835477563,3.141274657157109
25,1728.0624656026416,155.2019812878371,3.141612240396572,1.710144585301951,1.1970219004050522,3634.0,338.0,16.0,33.96261682242991,1.2615662610100802,1.692568750643269,0.5641895835477563,4.652426491681278
26,1628.8401332223148,158.61448792672772,1.9001738239391992,1.5787436258695076,1.1726316330848656,1201.0,110.0,13.0,19.688524590163933,1.2615662610100802,1.7841241161527712,0.5641895835477563,3.5682482323055424
27,860.5699912510936,170.35476815398076,1.583049853409223,1.4385581015291242,0.9354161092139004,2286.0,253.0,13.0,33.61764705882353,1.1283791670955126,1.381976597885342,0.0,3.431831258788849
28,1073.336302895323,167.15590200445433,3.51746150457088,2.3268725063522453,-1.1976555657956944,1796.0,42.0,18.0,19.106382978723403,3.431831258788849,3.1915382432114616,1.1283791670955126,4.853342309955121
29,1210.4988491637257,174.68850698174006,5.463866455445276,4.846887783030218,0.8837005023444966,6517.0,86.0,16.0,18.46175637393768,2.326213245840639,5.698035485213008,1.692568750643269,9.25339718068125
30,1108.7948717948718,186.0405982905983,2.181891923692858,2.0425762061962383,-0.45722090657932246,468.0,33.0,11.0,10.883720930232558,1.4927053303604616,1.9544100476116797,0.5641895835477563,3.0901936161855166
31,1240.8084483479715,203.44416562107904,2.9185194430096866,1.5754562889565304,0.09420163710596775,2391.0,208.0,18.5,30.653846153846153,1.2615662610100802,1.9544100476116797,0.5641895835477563,4.1841419359420025
32,1635.3311688311687,203.12337662337663,2.0917046580693754,1.1252158923877527,-1.1770839294317847,462.0,44.0,11.0,14.0,1.381976597885342,1.5957691216057308,0.5641895835477563,2.7057581899030048
33,521.6054054054053,244.75135135135136,1.3116716143866778,0.8525558024894025,-1.3386832085214881,185.0,26.0,9.0,10.277777777777779,1.381976597885342,1.1283791670955126,0.0,1.9544100476116797
34,1117.0247178936056,251.3036002149382,1.7696556572701192,1.255673902650841,-1.5230473139113658,1861.0,209.0,16.0,33.232142857142854,0.9772050238058398,1.4927053303604616,0.0,3.3377905890622728
35,1484.3831775700935,252.99688473520249,1.9190980585248998,1.051098152405783,0.8393512267451984,321.0,36.0,8.0,10.03125,0.9772050238058398,1.4927053303604616,0.0,2.5854414729132054
36,1921.0798376184032,253.94993234100136,1.821694701042481,1.366035261890075,-0.7269735571713656,739.0,45.0,14.0,16.795454545454547,1.7841241161527712,1.7841241161527712,0.5641895835477563,3.141274657157109
37,1615.9642857142858,256.04910714285717,1.4112032800960812,0.9730275257550228,0.8685652479351913,224.0,21.0,9.0,9.73913043478261,1.8712051592547776,1.381976597885342,0.5641895835477563,2.1850968611841584
38,1209.208,260.8544,1.8660102912528886,1.5545874799876556,1.2542949095407394,625.0,39.0,14.0,16.025641025641026,1.9544100476116797,1.9544100476116797,0.5641895835477563,3.0382538898732494
39,908.1169590643275,267.9956140350877,2.105856391349346,1.8290789618543566,1.016617248575097,684.0,45.0,13.0,14.25,1.2615662610100802,2.111004122822376,0.5641895835477563,3.3377905890622728
40,579.9922480620155,294.2170542635659,1.0764330447653991,0.8867735428033471,-0.10024870236308377,129.0,22.0,10.0,9.923076923076923,1.381976597885342,0.9772050238058398,0.0,1.5957691216057308
41,845.0,297.0,0.0,0.0,0.0,5e-324,5e-324,5e-324,5e-324,0.5641895835477563,0.0,0.0,0.0
42,1938.74353146128,295.3428926956738,2.926565443897242,2.4384204857080167,-1.4584313806220526,120545.0,12258.0,16.0,173.44604316546761,1.2615662610100802,1.4927053303604616,0.0,5.170882945826411
43,827.953933747412,329.41045548654245,1.6502652372467197,1.4608145506191468,-1.34304344103813,1932.0,208.0,15.0,31.161290322580644,0.9772050238058398,1.4927053303604616,0.0,3.431831258788849
44,2020.5479256080114,332.7796852646638,2.184177833961477,1.9633784816534783,0.24455745265412815,699.0,29.0,12.0,12.944444444444445,2.5231325220201604,2.326213245840639,0.7978845608028654,3.656366395715726
45,1791.944269190326,335.00841219768665,2.5710226120523476,2.432197148650523,-1.0486114946460714,951.0,29.0,13.0,13.394366197183098,2.8209479177387813,2.763953195770684,0.9772050238058398,4.222008245644752
46,1892.5794316874708,345.2983427768074,2.481274927691997,2.254359943090553,1.3909489048086965,23473.0,2062.0,19.0,89.59160305343511,1.381976597885342,1.5957691216057308,0.5641895835477563,5.698035485213008
47,1515.8309070548712,349.0279955207167,2.3264351815492206,1.4152356841855183,-0.25900576437834527,893.0,75.0,12.0,16.537037037037038,1.2615662610100802,1.7841241161527712,0.5641895835477563,3.385137501286538
48,1127.1350164654227,357.3260153677278,1.9564686356548187,1.4332833566896017,0.3601971240289375,911.0,78.0,14.0,20.244444444444444,1.381976597885342,1.692568750643269,0.5641895835477563,3.141274657157109
49,1784.647342995169,366.2173913043478,1.184074289868045,0.7932469251615348,-1.1818556095112003,207.0,23.0,15.0,14.785714285714286,1.9544100476116797,1.2615662610100802,0.0,1.8712051592547776
50,1301.125,363.4594594594595,1.3699962927622567,1.2578525246579717,-1.5478604638031468,296.0,25.0,13.0,12.869565217391305,1.9544100476116797,1.4927053303604616,0.5641895835477563,2.326213245840639
51,432.80321285140565,370.194109772423,1.728995125237298,1.2298314210888133,-1.3691730259181785,747.0,63.0,13.0,19.153846153846153,1.692568750643269,1.5957691216057308,0.5641895835477563,2.985410660720923
52,1043.5579237713139,360.90421263791376,2.1541368250245663,1.9096630865194524,-0.32912967897010015,3988.0,431.0,14.5,38.34615384615385,1.1283791670955126,1.5957691216057308,0.0,4.1841419359420025
53,1631.9164540816328,372.14923469387753,1.1544052266299372,0.9541588372182732,1.1876696602718266,1568.0,218.0,30.0,47.515151515151516,1.2615662610100802,1.1283791670955126,0.0,2.256758334191025
54,1371.404255319149,373.3404255319149,1.322402829438927,0.5588956815319985,1.4734274268420102,94.0,21.0,10.0,8.545454545454545,1.2615662610100802,0.7978845608028654,0.0,1.381976597885342
55,191.01603206412827,381.3446893787575,2.0383976532165677,1.4340601574230474,0.9415986830155761,998.0,100.0,10.0,16.633333333333333,1.381976597885342,1.5957691216057308,0.0,3.477898169151024
56,1632.6932099842904,384.000733112236,3.287535164125904,2.670951930203717,1.4119559422832615,28645.0,2884.0,16.0,78.05177111716621,1.1283791670955126,1.5957691216057308,0.0,6.746726148605861
57,487.87564543889846,382.70352839931155,3.6834106166339993,2.842607542410645,-1.0088745325084736,2324.0,64.0,13.5,15.702702702702704,2.0342144725641096,3.5682482323055424,1.1283791670955126,5.917270272703197
58,1355.0264175257732,379.93717783505156,4.883769564977637,2.6639804951476007,1.4762607071004912,3104.0,88.0,18.0,21.555555555555557,1.7841241161527712,3.6996385101659595,1.1283791670955126,6.023896332520351
59,857.5491209927611,410.87693898655635,3.3117314373303497,1.4897571784949475,-1.1854377199774655,967.0,51.0,13.5,16.67241379310345,1.5957691216057308,2.256758334191025,0.5641895835477563,3.6996385101659595
60,897.540447504303,421.7246127366609,2.548234079076498,1.9357652958031817,0.33535762784285383,2905.0,290.0,13.0,27.666666666666668,0.9772050238058398,1.692568750643269,0.5641895835477563,4.51351666838205
61,229.83908045977012,419.05172413793105,1.0700710606455568,0.9431838797916238,-1.4445595741445696,174.0,27.0,10.5,10.875,1.381976597885342,1.1283791670955126,0.0,1.7841241161527712
62,1258.2974537037037,418.7037037037037,3.312900043164328,1.8117535375418636,-1.4357308210349606,864.0,27.0,14.0,14.163934426229508,3.385137501286538,2.5854414729132054,0.9772050238058398,3.9088200952233594
63,1489.8555858310626,420.94550408719346,2.3896656402581082,1.112845413588746,-1.2936798853996014,367.0,22.0,12.0,12.233333333333333,2.5854414729132054,1.7841241161527712,0.5641895835477563,2.6462837142006137
64,345.9788199697428,425.3872919818457,1.808031040316001,1.3925256692185486,-1.3157745274217594,661.0,51.0,13.0,16.94871794871795,1.381976597885342,1.692568750643269,0.5641895835477563,2.9316150714175193
65,403.3690036900369,430.69741697416976,1.65701417855526,1.385486460119999,-1.4223793675200007,271.0,25.0,9.5,10.423076923076923,1.7841241161527712,1.4927053303604616,0.5641895835477563,2.326213245840639
66,54.05609797875985,438.29051044878383,3.078449152951013,1.9606691390920787,-1.4424691390997249,11676.0,1076.0,19.0,59.87692307692308,1.2615662610100802,1.692568750643269,0.5641895835477563,5.863230142835039
67,1852.7325418994412,443.98324022346367,2.002345904264026,1.2741291509512866,0.7568516009720879,1432.0,131.0,19.0,29.833333333333332,1.381976597885342,1.692568750643269,0.5641895835477563,3.3377905890622728
68,407.4730021598272,445.3401727861771,1.853935094864141,1.1884700154480639,1.3926281192962677,926.0,80.0,18.0,22.585365853658537,1.381976597885342,1.692568750643269,0.5641895835477563,3.0382538898732494
69,1052.2125654450263,446.2157068062827,2.2461928892132446,1.8456325493177261,0.9026530636276082,955.0,44.0,18.0,20.319148936170212,2.256758334191025,2.256758334191025,0.7978845608028654,3.431831258788849
70,1096.227781047675,454.6062389640965,2.9273128732536406,1.7453239712009503,0.6428420864493924,1699.0,100.0,18.0,22.95945945945946,1.2615662610100802,2.326213245840639,0.5641895835477563,4.1073621666150775
71,195.64761904761906,468.31904761904764,1.2509089016340476,1.1316765316998985,-0.6295082062927628,210.0,23.0,10.5,10.5,1.692568750643269,1.381976597885342,0.0,2.111004122822376
72,582.5022624434389,467.97285067873304,1.4734894849440014,1.2019161246193393,1.2101804512489827,221.0,22.0,7.0,7.892857142857143,1.5957691216057308,1.381976597885342,0.5641895835477563,2.393653682408596
73,984.9622093023256,472.125,1.5789553596927863,1.2990462862648124,1.5685409711698077,344.0,32.0,9.0,10.117647058823529,1.2615662610100802,1.692568750643269,0.5641895835477563,2.763953195770684
74,662.1384881708021,489.8978649740335,2.3415377753294275,1.613201811482813,-1.3531392312541377,1733.0,174.0,15.0,25.865671641791046,1.1283791670955126,1.5957691216057308,0.0,3.6996385101659595
75,1258.086455331412,497.75600384245917,2.292952889236396,1.3284184486075676,1.3250707353876665,1041.0,93.0,12.0,18.927272727272726,1.381976597885342,1.5957691216057308,0.5641895835477563,3.385137501286538
76,1866.1580086580086,503.6168831168831,3.591626527204924,1.5632098779032082,0.07919381934961936,462.0,28.0,11.0,11.55,2.111004122822376,1.9544100476116797,0.5641895835477563,3.0382538898732494
77,51.62707907791071,502.65713451998835,1.4495321476404868,1.1860636035905712,1.3362902330859572,3427.0,368.0,18.5,55.274193548387096,1.2615662610100802,1.2615662610100802,0.0,2.9316150714175193
78,69.77860659721489,509.5806267565454,3.0450660441580757,2.594060285168289,0.42227451971854085,47323.0,5075.0,16.0,101.76989247311828,1.1283791670955126,1.4927053303604616,0.0,6.154581744998688
79,1009.0,508.89473684210526,0.3068922049721556,0.0,-0.0,19.0,17.0,2.0,6.333333333333333,0.5641895835477563,0.0,0.0,0.5641895835477563
80,1575.207974137931,516.0840517241379,2.093426592596007,1.5126639877388075,-0.15110507337718282,928.0,73.0,15.0,21.09090909090909,1.2615662610100802,1.7841241161527712,0.5641895835477563,3.1915382432114616
81,1384.9195402298851,525.0818965517242,2.459041089094215,1.1239270279929348,0.5685431760293351,696.0,83.0,9.0,13.647058823529411,0.7978845608028654,1.5957691216057308,0.0,3.2897623212397704
82,1787.2909002904162,528.0242013552759,4.115387300445132,2.7486096422680766,-0.5509939683993154,2066.0,61.0,14.0,15.191176470588236,1.692568750643269,3.477898169151024,0.9772050238058398,5.585191925620057
83,1437.2059925093633,537.6042446941324,2.5023078537857844,1.4282942443229378,-1.5020587525447424,1602.0,79.0,15.0,23.217391304347824,2.0342144725641096,2.111004122822376,0.7978845608028654,3.949327084834294
84,149.47207207207208,533.8108108108108,1.9396969248245157,1.1352714033068636,-0.7250913039177412,555.0,44.0,13.0,15.0,1.5957691216057308,1.692568750643269,0.5641895835477563,2.8209479177387813
85,1941.570446735395,532.4845360824743,1.9786824702189592,0.9925281301896991,-1.067101309699293,291.0,31.0,9.5,12.125,1.692568750643269,1.381976597885342,0.0,2.326213245840639
86,1139.566037735849,544.5165094339623,2.133387150726497,1.3925906577578473,0.5510591444081905,424.0,22.0,10.0,10.341463414634147,2.5231325220201604,1.9544100476116797,0.7978845608028654,3.0382538898732494
87,1778.1920731707316,541.4756097560976,1.8037779198294663,1.33836291890246,0.0690936859915647,328.0,23.0,10.0,11.310344827586206,1.8712051592547776,1.5957691216057308,0.5641895835477563,2.5854414729132054
88,399.0354609929078,546.1099290780141,2.0105703419908916,1.1779335410321121,0.6278263492584311,282.0,26.0,7.0,8.545454545454545,1.692568750643269,1.5957691216057308,0.5641895835477563,2.6462837142006137
89,1378.2051396981922,559.9261915434035,2.441365992561266,2.2389996611440406,1.111167329017312,13386.0,1286.0,15.5,61.403669724770644,1.2615662610100802,1.5957691216057308,0.5641895835477563,5.4115163798060095
90,1154.7464114832535,554.4521531100479,2.5285271636574014,1.5061284213174728,-0.46400279892950164,418.0,21.0,10.0,9.952380952380953,2.393653682408596,1.9544100476116797,0.5641895835477563,3.141274657157109
91,632.270092226614,559.9578392621871,1.8651405173211497,1.582975694521387,-0.03165056780463609,759.0,95.0,8.0,14.320754716981131,1.4927053303604616,1.2615662610100802,0.0,2.876813695875796
92,1973.6650898770104,558.2821665089878,2.504214835207218,1.9748876292295396,0.7640737164213093,4228.0,249.0,18.5,37.08771929824562,1.692568750643269,2.111004122822376,0.5641895835477563,4.720348719413148
93,1070.2783801020407,565.9432397959183,5.046708517644607,2.8491097996261225,-1.0268914423916349,3136.0,88.0,13.0,16.333333333333332,1.692568750643269,3.9088200952233594,1.1283791670955126,6.6755811781245455
94,2022.6471119133573,578.5929602888086,2.1663585555906946,1.3788240697550775,1.471272160299465,1108.0,81.0,15.0,20.51851851851852,1.381976597885342,1.8712051592547776,0.5641895835477563,3.431831258788849
95,534.7296172365951,583.6520035909573,3.726939771658828,2.3483501803423437,0.14734519767550247,12253.0,1114.0,14.0,45.38148148148148,1.1283791670955126,1.692568750643269,0.5641895835477563,6.723094811029982
96,581.0431754874652,585.433147632312,2.218223878519645,1.496058570295572,0.3274865643256886,718.0,51.0,17.5,18.894736842105264,1.381976597885342,1.8712051592547776,0.5641895835477563,3.0382538898732494
97,961.0,583.0,0.0,0.0,0.0,1.0,1.0,0.5,0.5,0.5641895835477563,0.0,0.0,0.0
98,544.5704697986578,584.738255033557,1.295879792510114,0.7645047190405406,1.3874191278423391,149.0,16.0,11.0,9.933333333333334,1.8712051592547776,1.1283791670955126,0.0,1.692568750643269
99,1079.5667244367419,582.1620450606586,1.5945588101431452,1.2454001506315007,1.50151746459157,1154.0,122.0,19.0,28.146341463414632,1.381976597885342,1.4927053303604616,0.0,2.985410660720923
100,1573.1779141104294,593.3773006134969,1.9163859871443125,1.3555458843912798,-0.654275007207465,326.0,24.0,11.0,10.866666666666667,2.111004122822376,1.692568750643269,0.5641895835477563,2.6462837142006137
101,1159.7926829268292,599.1585365853658,1.7503556414137595,1.473599188909156,1.3743255252993754,1312.0,117.0,20.0,26.775510204081634,1.2615662610100802,1.692568750643269,0.5641895835477563,3.2897623212397704
102,1170.2815249266862,598.5630498533725,1.3519658731638307,1.260247424745013,0.6800971796565037,341.0,43.0,6.0,11.0,1.2615662610100802,1.2615662610100802,0.0,2.393653682408596
103,2041.6685883920936,635.4344195148008,4.197345414891284,3.2724853334689046,-1.3438492324572748,389407.0,53607.0,23.0,325.0475792988314,0.9772050238058398,1.5957691216057308,0.0,5.670035141386943
104,1746.4153577661432,619.588132635253,2.5075304636766624,1.788604065973264,1.4357976557028422,573.0,38.0,9.0,9.711864406779661,1.381976597885342,2.1850968611841584,0.5641895835477563,3.523362819972964
105,538.2719298245614,627.3947368421053,1.0238418839200771,0.8900338371166217,1.4755752145919132,114.0,18.0,8.5,9.5,1.381976597885342,0.9772050238058398,0.0,1.5957691216057308
106,1018.2783832252725,638.6715409021934,2.161976499437347,1.9691475816484576,-1.0395760731099613,7249.0,661.0,17.0,51.04929577464789,1.2615662610100802,1.5957691216057308,0.5641895835477563,4.918490759365935
107,1949.5833333333333,644.8142857142857,1.964514296799,1.235086966078351,0.4871940768581361,420.0,28.0,13.0,13.548387096774194,2.0342144725641096,1.7841241161527712,0.5641895835477563,2.7057581899030048
108,1299.720828789531,660.5278080697929,3.1067095334807378,2.3690376922468213,-1.5686686086621746,917.0,31.0,12.0,13.1,2.763953195770684,2.6462837142006137,0.9772050238058398,4.1073621666150775
109,301.1466165413534,659.4586466165414,1.2236415558753617,1.1585666942588209,1.495019243179377,266.0,33.0,14.0,14.777777777777779,1.381976597885342,1.381976597885342,0.0,2.111004122822376
110,1659.3425605536331,656.3529411764706,2.022478854907095,1.0272328497667227,1.5021121862705222,289.0,34.0,9.0,10.703703703703704,1.2615662610100802,1.381976597885342,0.0,2.393653682408596
111,702.906430338005,665.5906842539159,3.280455751432251,1.8281684782618246,-1.0654963155207249,4852.0,468.0,16.0,37.6124031007752,1.1283791670955126,1.692568750643269,0.5641895835477563,5.046265044040321
112,177.57983193277312,674.7226890756302,1.4505085042130068,0.8171857865824658,-1.2260115110452912,238.0,33.0,8.5,10.818181818181818,1.2615662610100802,1.1283791670955126,0.0,2.111004122822376
113,1443.7894156560087,673.2607497243661,3.197605021892543,2.343874290409532,-1.2702965911870436,1814.0,96.0,16.0,21.093023255813954,1.381976597885342,2.5231325220201604,0.7978845608028654,4.54864184146723
114,388.0464135021097,680.5527426160338,1.7128500673585507,1.3821594582690948,0.7256878453634451,474.0,48.0,13.5,15.8,1.2615662610100802,1.4927053303604616,0.0,2.5854414729132054
115,1979.95553633218,674.5953287197232,2.7879173292399666,2.246223080417924,-1.1460641312019502,5780.0,458.0,25.0,44.8062015503876,1.2615662610100802,2.111004122822376,0.5641895835477563,5.382025607773058
116,160.3719723183391,700.4411764705883,2.2779395385267,1.745126191247025,-0.6010489982979538,578.0,36.0,12.0,12.844444444444445,1.7841241161527712,2.111004122822376,0.5641895835477563,3.2897623212397704
117,1767.4631632308212,719.8541314633322,2.901651469288456,2.0348524909172707,1.4732374061106355,23672.0,2270.0,18.0,84.24199288256227,1.381976597885342,1.4927053303604616,0.5641895835477563,5.753627391751592
118,1636.6855670103093,715.4536082474227,1.0173837991264778,0.905591228257194,-0.15421109090598945,194.0,28.0,13.0,12.933333333333334,1.381976597885342,1.1283791670955126,0.0,1.7841241161527712
119,2041.9875993346886,703.7759871865952,2.3718437681553137,1.8004195865984427,1.490812813999633,324660.0,34272.0,28.0,596.8014705882352,1.381976597885342,1.381976597885342,0.0,3.742410318509555
120,27.503976861894433,734.2476500361533,2.0110752556057854,1.3296143094697837,-1.4701934519954638,2766.0,260.0,12.0,32.16279069767442,1.2615662610100802,1.4927053303604616,0.5641895835477563,3.6996385101659595
121,1359.4054621848738,752.8004201680673,2.117501776034682,1.9738257646859143,0.748363750809386,476.0,29.0,8.0,9.52,1.692568750643269,1.9544100476116797,0.5641895835477563,3.2410224072142872
122,527.56,763.8533333333334,1.1669379392599863,0.7809042204793298,0.8111802129914815,75.0,14.0,6.0,5.769230769230769,1.2615662610100802,0.9772050238058398,0.0,1.692568750643269
123,538.3729508196722,762.4344262295082,1.4041005512955012,1.0673367646975331,0.19960384775070086,244.0,20.0,11.0,11.090909090909092,2.0342144725641096,1.4927053303604616,0.5641895835477563,2.326213245840639
124,1473.7354497354497,775.957671957672,0.8457859889682537,0.6474695061909169,0.08770300166372366,189.0,54.0,14.0,17.181818181818183,0.7978845608028654,0.7978845608028654,0.0,1.4927053303604616
125,592.9865891703668,783.6843794902331,2.5973216492080873,2.3910445735336396,-1.4439141690868618,77251.0,8771.0,20.0,153.58051689860835,1.1283791670955126,1.4927053303604616,0.0,5.585191925620057
126,1782.903133903134,777.2022792022792,1.3678840141356958,1.2660212998922729,-1.116697186568207,351.0,37.0,13.5,14.625,1.4927053303604616,1.381976597885342,0.0,2.256758334191025
127,42.1667490525622,785.1998681825671,2.3767123785922153,1.8687126103435234,-1.1259450037733574,6069.0,598.0,16.0,45.291044776119406,1.1283791670955126,1.5957691216057308,0.5641895835477563,4.787307364817192
128,461.82522796352583,779.4604863221884,1.9254084228709119,1.2247683502920932,-1.2348154855034656,658.0,75.0,11.0,16.45,0.9772050238058398,1.5957691216057308,0.0,2.9316150714175193
129,327.3488372093023,782.3720930232558,0.5133661653187173,0.4441225014156796,0.834420801360426,43.0,19.0,8.0,8.6,0.5641895835477563,0.5641895835477563,0.0,0.9772050238058398
130,1752.5424528301887,802.6139937106918,3.1458568137835137,2.906149744406372,-1.4179611287735043,1272.0,36.0,17.0,16.51948051948052,3.1915382432114616,2.985410660720923,0.9772050238058398,4.370193722368317
131,1292.2113022113022,815.0909090909091,1.792353204250851,1.5341843184692994,0.27443997972332496,407.0,33.0,12.0,13.129032258064516,1.7841241161527712,1.692568750643269,0.5641895835477563,2.5854414729132054
132,10.658788774002954,820.6824224519941,1.821233362001943,1.2777876553886958,-0.6715119627238004,677.0,63.0,14.0,16.925,1.381976597885342,1.692568750643269,0.5641895835477563,2.985410660720923
133,101.559053748478,829.435554009393,2.354536759325778,1.8841475341361682,1.5203178139786535,11498.0,1123.0,14.0,58.66326530612245,1.2615662610100802,1.4927053303604616,0.5641895835477563,5.014626706796775
134,1274.8173975557154,825.155283968368,2.8067958048572756,2.2813652627350476,-0.6987600916190922,1391.0,45.0,14.0,15.988505747126437,2.0342144725641096,2.876813695875796,0.9772050238058398,4.54864184146723
135,1567.9425837320575,835.1180223285486,2.0641034708967587,1.3833432412388027,-1.4966193738137252,627.0,47.0,17.5,17.416666666666668,1.2615662610100802,1.8712051592547776,0.5641895835477563,2.876813695875796
136,1413.9435114503817,832.2473282442749,2.6606507321292523,1.5948662531501834,-0.20564937438871445,655.0,33.0,12.0,12.843137254901961,1.7841241161527712,2.256758334191025,0.7978845608028654,3.523362819972964
137,509.75698324022346,836.3072625698323,1.95866420415601,1.269877143536478,-0.7730516507771672,1074.0,96.0,17.5,23.347826086956523,1.381976597885342,1.692568750643269,0.5641895835477563,3.141274657157109
138,198.37759643916914,846.1224035608309,3.482300778567085,2.6607369408949064,0.4512136747116309,1348.0,28.0,15.0,14.813186813186814,4.370193722368317,3.2410224072142872,1.2615662610100802,4.787307364817192
139,1824.5977443609022,840.6616541353384,2.330433085269901,0.860326991967169,1.3839073968919056,266.0,21.0,8.0,8.866666666666667,1.7841241161527712,1.5957691216057308,0.5641895835477563,2.6462837142006137
140,1781.8635144198524,849.6639839034206,2.2413136482797387,1.633683464176669,-0.14795715457424147,2982.0,289.0,15.0,34.275862068965516,1.1283791670955126,1.5957691216057308,0.5641895835477563,4.1073621666150775
141,675.3074792243767,855.4238227146815,1.375263806810082,1.0263122623505665,-1.4775576294543271,361.0,40.0,12.0,14.44,1.381976597885342,1.381976597885342,0.0,2.326213245840639
142,1180.2598039215686,855.2426470588235,1.642611335564787,1.2569264466214431,-0.7552630335388171,408.0,38.0,13.0,15.11111111111111,1.692568750643269,1.381976597885342,0.5641895835477563,2.393653682408596
143,1248.418699186992,862.44918699187,2.141326950565242,1.7906256209652307,0.2726895620285343,984.0,49.0,17.0,18.566037735849058,1.7841241161527712,2.326213245840639,0.7978845608028654,3.656366395715726
144,132.2890355912744,865.7660734787601,2.23117614420913,2.101251627779025,1.2657935955658783,20904.0,1980.0,19.0,90.49350649350649,1.381976597885342,1.4927053303604616,0.5641895835477563,5.140011726956917
145,1148.1401273885351,869.6550710436061,3.9613262554302207,3.073930293447751,-0.5539111802349991,2041.0,63.0,12.0,13.606666666666667,1.692568750643269,3.477898169151024,0.9772050238058398,5.863230142835039
146,423.37044606362184,867.192731473254,2.3696991475146882,2.1430333739400256,0.731624605792614,11254.0,1154.0,17.0,58.310880829015545,1.2615662610100802,1.5957691216057308,0.0,5.499039842323396
147,1368.578947368421,876.0,0.4937279746588188,0.0,0.0,19.0,11.0,8.0,6.333333333333333,0.7978845608028654,0.0,0.0,0.5641895835477563
148,558.2069068175052,882.5418279249777,1.8330166523241431,1.5710806318443271,0.34725205181881014,3359.0,323.0,15.0,40.46987951807229,1.2615662610100802,1.4927053303604616,0.5641895835477563,3.656366395715726
149,505.62458471760795,887.0598006644518,2.0022247495549284,1.3001681119136737,-0.054910132887616064,301.0,33.0,8.0,9.709677419354838,1.2615662610100802,1.4927053303604616,0.0,2.4592453796829674
150,751.935711900256,895.8481576310809,2.639005360996306,1.958165124478735,-1.4216437962636177,17966.0,2011.0,17.0,75.80590717299577,1.1283791670955126,1.4927053303604616,0.0,5.4700209598571305
151,777.3621460506706,895.7928464977646,3.9868546600536097,1.6395141263779582,-1.4506321311109478,671.0,27.0,11.0,10.82258064516129,2.1850968611841584,2.5854414729132054,0.7978845608028654,3.9088200952233594
152,524.166393442623,904.8032786885246,2.7435196900713095,1.7488147421002664,1.3829919808817241,1220.0,79.0,15.0,19.677419354838708,1.2615662610100802,2.111004122822376,0.5641895835477563,3.826519928662906
153,546.8273676360925,904.6416853094705,1.5634768077858114,1.4280781094260568,1.4173422057372957,2682.0,269.0,14.0,38.869565217391305,1.1283791670955126,1.381976597885342,0.0,3.3377905890622728
154,1553.3366336633662,918.8834729626809,2.795498217906611,1.875308226097323,-1.122157822274463,1313.0,49.0,16.0,17.986301369863014,2.256758334191025,2.6462837142006137,0.9772050238058398,4.222008245644752
155,977.0934495192307,923.5084134615385,2.488104615600476,1.5079088283164452,1.4801704516179277,3328.0,361.0,13.0,34.666666666666664,1.1283791670955126,1.5957691216057308,0.0,4.222008245644752
156,765.5845213849287,927.7556008146639,2.699931112342289,1.3871002344606236,-0.8912214939121186,491.0,31.0,11.0,11.975609756097562,1.7841241161527712,1.8712051592547776,0.5641895835477563,2.985410660720923
157,1130.850457424349,928.7843068261787,1.7147845141282496,1.3065314562928594,-1.1950440832472151,2842.0,305.0,21.0,48.16949152542373,1.1283791670955126,1.4927053303604616,0.0,3.2897623212397704
158,959.53125,928.5681818181819,1.3782159716980655,1.1096211284860344,1.0019280887025284,352.0,38.0,9.0,12.571428571428571,1.381976597885342,1.381976597885342,0.0,2.393653682408596
159,906.609794628752,934.0126382306477,1.7751929791151575,1.549468066494337,-1.4928489443910558,633.0,56.0,14.0,15.439024390243903,1.2615662610100802,1.7841241161527712,0.5641895835477563,3.0382538898732494
160,374.7792207792208,946.0097402597403,1.7465446834850844,1.0907357014764842,-0.6329729397759389,308.0,30.0,9.0,10.620689655172415,1.5957691216057308,1.381976597885342,0.5641895835477563,2.393653682408596
161,773.6229116945108,951.7303102625299,2.074562380139419,1.1700815990750444,1.1727281913057737,419.0,29.0,13.0,13.09375,1.9544100476116797,1.692568750643269,0.5641895835477563,2.7057581899030048
162,1764.5483870967741,951.3225806451613,2.2387361414747615,1.5523809814014495,-1.460862720579115,496.0,32.0,12.0,12.4,1.9544100476116797,1.8712051592547776,0.5641895835477563,2.985410660720923
163,806.3756218905472,946.136815920398,1.8547836882906843,1.4689602953517873,0.3679139582388639,1206.0,117.0,16.0,23.192307692307693,1.381976597885342,1.5957691216057308,0.5641895835477563,3.2410224072142872
164,931.7156834532374,956.5697841726619,2.648852286804499,1.8054966849130565,0.768685164981445,6950.0,696.0,15.0,48.263888888888886,1.2615662610100802,1.5957691216057308,0.0,4.950743503369154
165,550.5590421139555,959.0867052023121,2.8515926917927388,2.066419810088913,0.9794166085015739,1211.0,51.0,13.5,15.93421052631579,1.8712051592547776,2.5854414729132054,0.7978845608028654,4.296739856991561
166,1500.2546296296296,960.6805555555555,1.5183930661372087,1.1465768761030581,0.06828408030001079,216.0,19.0,10.0,9.391304347826088,1.9544100476116797,1.381976597885342,0.5641895835477563,2.256758334191025
167,1327.6770833333333,961.8333333333334,1.9866338566948674,0.9795036562822639,0.9021258892173735,288.0,23.0,11.0,11.076923076923077,1.7841241161527712,1.4927053303604616,0.5641895835477563,2.326213245840639
168,1179.1363268608413,967.9728964401295,3.0675570239520136,2.2446406904966985,0.440683631372748,2472.0,69.0,18.5,22.88888888888889,2.393653682408596,3.0901936161855166,0.9772050238058398,5.140011726956917
169,73.11258278145695,971.2152317880794,1.8677307966852725,1.2837236089920436,1.3873678788598518,302.0,21.0,9.0,10.066666666666666,2.111004122822376,1.692568750643269,0.5641895835477563,2.6462837142006137
170,1966.9309455976122,967.2891059557726,3.5730311733075872,2.495974603734942,-0.45560962437664737,7371.0,500.0,18.0,37.040201005025125,1.381976597885342,2.256758334191025,0.5641895835477563,6.432750982580687
171,1138.7764344655536,968.4724620994051,6.496567887048731,2.9779150859786645,0.7575986802394549,5211.0,87.0,17.0,20.04230769230769,2.5231325220201604,4.787307364817192,1.4927053303604616,7.958873497585845
172,1590.2640742890308,985.8229831688915,3.7370800599480605,2.642221457447825,1.3974498843271377,1723.0,52.0,12.0,14.12295081967213,1.9544100476116797,3.1915382432114616,0.9772050238058398,5.292567428401227
173,1036.0,985.4,0.7317987794811304,0.4521841952755868,-1.0037117432935971,20.0,7.0,3.0,3.3333333333333335,0.7978845608028654,0.5641895835477563,0.0,0.9772050238058398
174,1780.867924528302,984.5471698113207,1.1145006423275179,0.9184581147687484,-1.531154389351656,159.0,20.0,10.5,9.9375,1.5957691216057308,1.1283791670955126,0.0,1.7841241161527712
175,598.7860538827258,992.4215530903328,2.2826864058413623,1.1538260213400362,0.8782043352637088,631.0,41.0,11.0,14.674418604651162,1.8712051592547776,1.7841241161527712,0.5641895835477563,3.0901936161855166
176,1430.5938590369854,989.0074435915329,2.686590677167735,2.0190675593689225,1.1063456558941467,4299.0,325.0,21.0,39.80555555555556,1.2615662610100802,1.8712051592547776,0.5641895835477563,4.853342309955121
177,35.740722414646214,992.3132112815438,1.9586699752024366,1.5884814713914346,0.45532449951370524,2021.0,207.0,13.0,28.464788732394368,1.2615662610100802,1.5957691216057308,0.0,3.742410318509555
178,140.38275862068966,1011.6515964240102,2.383701329573996,2.124031344832828,-1.1997840910581203,7830.0,684.0,16.0,47.45454545454545,1.2615662610100802,1.5957691216057308,0.5641895835477563,5.201570947860099
179,1591.1137026239066,1002.7784256559767,1.3915121312851937,1.0629912491026452,-1.2783182070215893,343.0,33.0,16.0,14.91304347826087,1.692568750643269,1.4927053303604616,0.5641895835477563,2.326213245840639
180,550.4084745762711,1025.0650847457628,3.858614064421944,3.1460510353143443,-0.9666958525919185,2950.0,80.0,12.0,16.573033707865168,1.9544100476116797,3.656366395715726,1.1283791670955126,6.506551687525748
181,1430.9667458432305,1019.6971496437054,1.7696302973161409,1.6024187822812188,0.7227862688921287,842.0,69.0,16.0,20.536585365853657,1.2615662610100802,1.7841241161527712,0.5641895835477563,3.0382538898732494
182,580.6825672159583,1021.366869037294,3.7848242489729196,2.017492997800341,-1.012050171375609,1153.0,38.0,13.0,14.974025974025974,2.763953195770684,2.6462837142006137,0.9772050238058398,4.296739856991561
183,24.24856863566541,1020.2202206395755,2.6374595242171184,1.9390576712261807,1.3032556136263218,14322.0,1566.0,16.0,66.92523364485982,1.1283791670955126,1.4927053303604616,0.0,5.140011726956917
184,542.6962025316456,1041.1898734177216,1.194266783653179,0.5757238764414958,1.399136683964877,79.0,17.0,7.0,7.181818181818182,1.1283791670955126,0.7978845608028654,0.0,1.4927053303604616
185,405.6979166666667,1051.6194324712644,2.255709381744697,1.53076904071895,1.3455144214590047,5568.0,645.0,13.0,45.63934426229508,1.2615662610100802,1.381976597885342,0.0,4.068428945128219
186,1104.423455978975,1041.2260183968463,4.02225638326378,2.6545630083533727,-1.1210774348216956,3044.0,103.0,14.0,19.265822784810126,1.692568750643269,3.1915382432114616,0.9772050238058398,5.970821321441846
187,43.02808988764045,1047.4606741573034,1.196598083991526,1.0062040922694453,-0.767747366822988,178.0,19.0,8.0,8.476190476190476,1.5957691216057308,1.2615662610100802,0.0,2.0342144725641096
188,1819.2794759825329,1042.5414847161571,1.839610581278177,1.4386965967151712,0.4746257656826403,458.0,31.0,11.0,11.45,1.692568750643269,1.7841241161527712,0.5641895835477563,2.876813695875796
189,321.2715572715573,1046.916344916345,1.5318612690634221,1.1734714874408019,-1.3450472817392658,777.0,83.0,17.0,22.2,1.2615662610100802,1.381976597885342,0.0,2.7057581899030048
190,1014.653312788906,1058.095531587057,2.8869685714650206,1.3833285990844513,1.1024778889101428,649.0,34.0,10.0,11.0,2.0342144725641096,2.1850968611841584,0.7978845608028654,3.523362819972964
191,957.5120481927711,1054.0497991967873,2.260428125275927,1.5684157371766954,1.0603311074242123,2490.0,174.0,22.0,35.57142857142857,1.4927053303604616,2.0342144725641096,0.5641895835477563,4.029119531035698
192,394.0806451612903,1061.2196029776676,2.092068099609977,1.6604540235953253,-1.0859879827196315,806.0,37.0,15.0,16.791666666666668,2.111004122822376,2.1850968611841584,0.7978845608028654,3.431831258788849
193,1804.2199730094467,1059.906882591093,1.548045708839293,1.035114374676552,1.5359568904753482,741.0,80.0,14.5,21.794117647058822,1.2615662610100802,1.4927053303604616,0.0,2.6462837142006137
194,431.4063829787234,1061.091489361702,2.529084822465168,1.5202182724555355,-0.5144413557733001,470.0,22.0,10.0,10.930232558139535,2.5231325220201604,2.111004122822376,0.7978845608028654,3.2410224072142872
195,1565.715953307393,1071.3813229571983,1.798643689457991,0.849511939242285,-0.5158268426294514,257.0,25.0,12.0,11.173913043478262,1.7841241161527712,1.381976597885342,0.5641895835477563,2.1850968611841584
196,1813.5294784580499,1073.751700680272,1.663893543218033,1.381979178647745,-0.5458580956666232,882.0,86.0,15.0,20.511627906976745,1.1283791670955126,1.5957691216057308,0.5641895835477563,3.0382538898732494
197,1130.0737051792828,1075.044109277177,4.320473263472179,2.5079288212136426,-1.5318665478205866,3514.0,93.0,15.0,19.522222222222222,2.0342144725641096,3.523362819972964,1.1283791670955126,6.358093703724522
198,420.0897067280046,1091.7027027027027,2.048133587671765,1.8016120860481493,1.2193897831443852,1739.0,153.0,16.0,24.84285714285714,1.2615662610100802,1.7841241161527712,0.5641895835477563,3.826519928662906
199,170.77972027972027,1103.5,1.394113622013587,1.2992282262393704,0.7606076917159814,286.0,30.0,11.0,11.44,1.381976597885342,1.4927053303604616,0.0,2.393653682408596
200,951.4871794871794,1105.138888888889,1.319281086346747,0.9896257704719978,-0.897286685055132,468.0,55.0,10.0,16.137931034482758,1.381976597885342,1.1283791670955126,0.0,2.326213245840639
201,1578.4398666349132,1102.5745415575136,2.1663317283124166,1.7082450372980298,-1.466704880771969,8398.0,758.0,21.0,64.6,1.381976597885342,1.4927053303604616,0.5641895835477563,4.61809077155419
202,1040.132427843803,1127.244482173175,2.006952155819939,1.2278996715088266,-0.022286223123599534,589.0,50.0,17.5,18.40625,1.381976597885342,1.7841241161527712,0.5641895835477563,2.763953195770684
203,1249.9079680310003,1131.6725599418746,1.8556634687785691,1.307260445421272,1.377286810767513,4129.0,565.0,15.0,48.01162790697674,0.9772050238058398,1.381976597885342,0.0,3.5682482323055424
204,643.3396226415094,1144.4415094339622,1.6976473063780282,1.117689106264625,0.5185836573612148,265.0,23.0,10.0,10.6,1.8712051592547776,1.4927053303604616,0.5641895835477563,2.393653682408596
205,393.199535962877,1149.2529002320186,2.6135928910947563,1.4499938073519265,-0.4069429741806474,431.0,20.0,9.0,9.369565217391305,2.6462837142006137,2.111004122822376,0.7978845608028654,3.2410224072142872
206,1490.4314359637774,1153.1849935316948,2.8817973841200435,1.694899706678806,1.387814076117396,1546.0,114.0,17.0,22.405797101449274,1.1283791670955126,2.111004122822376,0.5641895835477563,3.9088200952233594
207,360.12307692307695,1162.7753846153846,1.8890121407042375,1.5157294768684075,1.3629601335507977,5525.0,562.0,17.0,56.37755102040816,1.2615662610100802,1.381976597885342,0.0,4.068428945128219
208,49.23043828986287,1153.2519494487765,2.023225661628327,1.5937939826918066,1.1081728529776589,3719.0,399.0,15.5,41.32222222222222,1.1283791670955126,1.4927053303604616,0.0,4.029119531035698
209,2030.1793229643183,1164.715462031107,4.49764510134724,2.4262724974624836,-0.7018453319730419,2186.0,40.0,16.0,17.488,3.523362819972964,3.6125759969217834,1.2615662610100802,5.585191925620057
210,1396.6067073170732,1173.4420731707316,1.167502803476848,0.7849188964875461,1.3869833768006812,328.0,47.0,10.0,15.619047619047619,1.1283791670955126,0.9772050238058398,0.0,1.9544100476116797
211,1722.8267716535433,1177.9645669291338,1.005863264726451,0.7319260124552674,-1.2460990761473307,254.0,49.0,13.0,14.941176470588236,1.2615662610100802,0.9772050238058398,0.0,1.5957691216057308
212,1100.988679245283,1176.3735849056604,1.6631024798774434,1.4248667855861168,0.0006194101935601711,265.0,20.0,7.0,8.548387096774194,1.8712051592547776,1.5957691216057308,0.5641895835477563,2.5854414729132054
213,1721.7642236024844,1166.5403726708075,2.8745023296006273,1.8701522159816149,1.4759753679116656,4025.0,408.0,15.0,36.92660550458716,1.1283791670955126,1.692568750643269,0.0,4.583497844237541
214,319.28299776286354,1190.400447427293,1.9046283297549296,1.549683836658367,1.5235719763979332,894.0,76.0,12.0,17.88,1.2615662610100802,1.692568750643269,0.5641895835477563,3.2897623212397704
215,1449.7142857142858,1187.4608843537414,2.3360483790494504,1.5481570055317901,0.5494808448565022,588.0,26.0,11.0,11.529411764705882,2.5854414729132054,2.1850968611841584,0.7978845608028654,3.431831258788849
216,27.749685534591194,1194.0993710691823,2.36254413364801,1.6030448049692525,1.4225555757599955,795.0,42.0,10.0,12.421875,1.9544100476116797,2.111004122822376,0.5641895835477563,3.6996385101659595
217,342.6118421052632,1187.4013157894738,0.9727874571857417,0.6726737430401092,1.1359656237519733,152.0,32.0,7.0,10.857142857142858,1.2615662610100802,0.9772050238058398,0.0,1.5957691216057308
218,1583.8477419354838,1187.8154838709677,2.4979589597288756,2.0258979832036386,-0.59750089115342,775.0,46.0,12.0,14.351851851851851,1.5957691216057308,2.256758334191025,0.5641895835477563,3.656366395715726
219,572.6925531914893,1194.213829787234,2.2494517400175646,1.6417870849550056,-0.6788370446383677,940.0,75.0,12.0,17.09090909090909,1.2615662610100802,1.7841241161527712,0.5641895835477563,3.431831258788849
220,869.9491525423729,1192.406779661017,0.8243932170502936,0.3902828036867156,0.5767285251683248,59.0,15.0,7.0,7.375,1.1283791670955126,0.7978845608028654,0.0,0.9772050238058398
221,525.893063583815,1189.4797687861271,3.535795274121806,1.3329551786065745,1.141365486447763,692.0,31.0,9.0,10.984126984126984,2.1850968611841584,2.326213245840639,0.7978845608028654,3.742410318509555
222,1872.5003412969284,1200.0737201365187,3.773530455975385,2.3556443761407793,-0.8130518200513761,2930.0,101.0,18.0,22.366412213740457,1.7841241161527712,3.2410224072142872,0.9772050238058398,5.527906391541368
223,695.6186626330065,1208.5739620279574,2.3234535282169535,2.0294404151600682,1.229508033039664,38344.0,4069.0,17.0,119.0807453416149,1.2615662610100802,1.381976597885342,0.0,4.853342309955121
224,1164.6993464052287,1215.9607843137255,0.8794224631533452,0.7566995269660184,0.07173081115587292,153.0,24.0,15.0,13.909090909090908,1.4927053303604616,0.9772050238058398,0.0,1.5957691216057308
225,172.4255319148936,1224.4468085106382,0.653219321453286,0.48491489372211893,0.5630869539939505,47.0,14.0,8.0,6.714285714285714,1.1283791670955126,0.5641895835477563,0.0,0.9772050238058398
226,955.757281553398,1232.368932038835,0.9520990960835781,0.8564085905211156,-1.2879747873720802,103.0,20.0,7.0,7.923076923076923,1.2615662610100802,0.9772050238058398,0.0,1.5957691216057308
227,877.1953642384105,1236.1788079470198,1.5055811372060162,0.8788387196934028,0.9700046265132228,302.0,29.0,11.0,13.130434782608695,1.5957691216057308,1.381976597885342,0.5641895835477563,2.1850968611841584
228,360.2651821862348,1252.593117408907,1.856642490904393,1.4762627829573478,-0.29978095072194394,494.0,24.0,13.0,13.722222222222221,2.763953195770684,1.9544100476116797,0.7978845608028654,3.0382538898732494
229,726.1973094170404,1260.2825112107623,2.370086963200222,1.5140491387447517,0.003465460694896673,669.0,61.0,12.0,15.55813953488372,1.381976597885342,1.692568750643269,0.5641895835477563,3.0382538898732494
230,1774.365,1264.7375,1.7097554781365332,1.1122521993028223,-0.6056544842633088,400.0,34.0,13.0,14.814814814814815,1.692568750643269,1.5957691216057308,0.5641895835477563,2.5231325220201604
231,96.12962962962963,1268.9444444444443,0.6367856949791393,0.4912029976819293,0.7141543031018357,54.0,22.0,4.5,6.75,0.7978845608028654,0.5641895835477563,0.0,1.1283791670955126
232,403.99404194470924,1261.5470289164284,2.7269222804735542,2.364974881617368,-0.5342461463891454,12588.0,1187.0,17.0,56.44843049327354,1.1283791670955126,1.5957691216057308,0.5641895835477563,6.050259243299904
233,374.8533034714446,1277.312430011198,2.3341975075333816,2.1031954369433787,-1.1036273770750107,893.0,38.0,13.0,14.403225806451612,2.1850968611841584,2.393653682408596,0.7978845608028654,3.7846987830302403
234,359.16685912240183,1290.3418013856813,1.9501608228690173,1.4335583166244021,1.5495786471606336,1732.0,161.0,15.0,27.49206349206349,1.2615662610100802,1.5957691216057308,0.5641895835477563,3.5682482323055424
235,1623.625550660793,1299.6079295154184,1.530507402548137,0.9515596348585538,1.3501044816074084,227.0,27.0,8.5,10.318181818181818,1.2615662610100802,1.2615662610100802,0.0,2.1850968611841584
236,1451.737886235955,1292.7668539325844,6.603063660363132,3.240367224726063,0.3513984409918967,5696.0,69.0,17.0,19.77777777777778,3.2410224072142872,5.108953969950291,1.692568750643269,8.387281135541944
237,32.13544950538102,1290.771333840635,2.5444423263890954,1.9557471512323898,1.2594134875718144,18398.0,1965.0,14.0,73.592,1.2615662610100802,1.4927053303604616,0.0,5.077706251929807
238,1698.6530665964729,1309.1610950250065,2.7217727917332692,1.5834246535510212,1.4032519810178992,3799.0,398.0,15.0,36.883495145631066,1.2615662610100802,1.5957691216057308,0.0,4.3336224206596095
239,1597.7464960390007,1318.7021633150518,2.304008656345903,1.6746394117260683,1.382820329986524,6564.0,638.0,17.0,52.935483870967744,1.1283791670955126,1.5957691216057308,0.5641895835477563,4.51351666838205
240,1861.8974358974358,1337.0352564102564,2.8627505736068084,1.9532876494698221,-0.8706565406267832,624.0,26.0,13.0,13.866666666666667,2.876813695875796,2.1850968611841584,0.7978845608028654,3.3377905890622728
241,1584.5552147239264,1380.9771332961518,1.9733213590398164,1.5379398313814279,1.275680708333856,3586.0,331.0,17.0,42.188235294117646,1.381976597885342,1.4927053303604616,0.5641895835477563,3.8678889139475245
242,2006.143203883495,1381.7063106796118,2.01979369421468,1.290273362473773,1.1729764589021094,1236.0,101.0,17.0,26.29787234042553,1.2615662610100802,1.692568750643269,0.5641895835477563,3.2410224072142872
243,1760.4603174603174,1388.1216931216932,1.5149538104972078,1.338710780085488,1.214418383278307,567.0,68.0,11.0,14.921052631578947,1.2615662610100802,1.4927053303604616,0.0,2.763953195770684
244,1629.1913439635534,1393.5539863325741,1.7221136361745792,1.400346638738516,0.9370599212948525,2195.0,219.0,18.5,36.583333333333336,1.1283791670955126,1.4927053303604616,0.5641895835477563,3.477898169151024
245,1784.8050458715597,1396.5435779816514,1.8676776162739646,1.3911063657806295,-1.1048149136245964,436.0,25.0,10.5,12.11111111111111,2.256758334191025,1.7841241161527712,0.5641895835477563,2.876813695875796
246,1290.0110174983797,1416.0829552819184,2.960915719972176,1.8725910658203773,0.5531974279586968,1543.0,52.0,17.0,18.817073170731707,2.1850968611841584,2.763953195770684,0.9772050238058398,4.442433223290478
247,1369.7549019607843,1417.0718954248366,2.068811660958234,1.4111617971649117,1.3970762247802586,1836.0,146.0,26.0,36.0,1.4927053303604616,1.8712051592547776,0.5641895835477563,3.431831258788849
248,1637.4115479115478,1415.9017199017198,2.1615162356124515,1.6312884216055743,-0.9287745291909468,814.0,46.0,14.0,15.358490566037736,1.4927053303604616,2.111004122822376,0.5641895835477563,3.523362819972964
249,656.3830313014827,1420.9192751235585,2.3747071989845154,1.7768762249521988,-0.9428451528079899,1214.0,76.0,14.0,18.119402985074625,1.381976597885342,2.111004122822376,0.5641895835477563,3.8678889139475245
250,363.547223540579,1429.218794494542,2.310403911788177,2.136434687521613,0.8854773287532435,2107.0,95.0,20.0,26.012345679012345,1.8712051592547776,2.5231325220201604,0.7978845608028654,4.442433223290478
251,139.68275591922006,1434.440764275766,2.4773143346231157,1.8894901211339825,-1.1882903881959908,22976.0,2519.0,19.0,98.60944206008584,1.2615662610100802,1.4927053303604616,0.0,5.140011726956917
252,1666.4106259951395,1447.1073493673007,2.342852978147731,2.111880681780169,-1.4275347254048305,11933.0,1270.0,15.0,61.194871794871794,1.2615662610100802,1.4927053303604616,0.0,5.140011726956917
253,2027.4146301024637,1446.2223778890473,2.6252755987824097,2.346555535358231,-1.3033387282133047,120628.0,11581.0,17.0,189.96535433070866,1.381976597885342,1.381976597885342,0.5641895835477563,4.820437914901168
254,615.9076023391813,1463.4888888888888,3.0932306663538536,1.8059809949057812,-1.329037109282829,855.0,39.0,11.0,11.554054054054054,1.381976597885342,2.5854414729132054,0.7978845608028654,4.145929793656026
255,1943.111111111111,1488.0,0.3142696809572377,0.0,0.0,45.0,40.0,5.0,15.0,0.5641895835477563,0.0,0.0,0.5641895835477563
